{"cameraMode":{"drawMode":0,"name":"Shaded","section":"Shading Mode"},"sceneLighting":false,"audioPlay":false,"sceneViewState":{"m_AlwaysRefresh":false,"showFog":false,"showSkybox":false,"showFlares":false,"showImageEffects":false,"showParticleSystems":false,"showVisualEffectGraphs":true,"m_FxEnabled":true},"in2DMode":false,"pivot":{"x":0.06531822681427002,"y":0.9248400926589966,"z":0.1916365623474121},"rotation":{"x":-0.3448878526687622,"y":-0.1019369587302208,"z":0.037708111107349399,"w":-0.9323310256004334},"size":1.3906112909317017,"orthographic":false}