{"cameraMode":{"drawMode":0,"name":"Shaded","section":"Shading Mode"},"sceneLighting":false,"audioPlay":false,"sceneViewState":{"m_AlwaysRefresh":false,"showFog":false,"showSkybox":false,"showFlares":false,"showImageEffects":false,"showParticleSystems":false,"showVisualEffectGraphs":true,"m_FxEnabled":true},"in2DMode":false,"pivot":{"x":-0.000004589557647705078,"y":0.7584939002990723,"z":-5.066394805908203e-7},"rotation":{"x":-0.03616577014327049,"y":0.9576133489608765,"z":-0.24994230270385743,"w":-0.13856297731399537},"size":1.203945279121399,"orthographic":false}